# Licensed to the Apache Software Foundation (ASF) under one
# or more contributor license agreements.  See the NOTICE file
# distributed with this work for additional information
# regarding copyright ownership.  The ASF licenses this file
# to you under the Apache License, Version 2.0 (the
# "License"); you may not use this file except in compliance
# with the License.  You may obtain a copy of the License at

#   http://www.apache.org/licenses/LICENSE-2.0

# Unless required by applicable law or agreed to in writing,
# software distributed under the License is distributed on an
# "AS IS" BASIS, WITHOUT WARRANTIES OR CONDITIONS OF ANY
# KIND, either express or implied.  See the License for the
# specific language governing permissions and limitations
# under the License.

##########
## Timestamp Handling Tests
##########

statement ok
create table foo (val int, ts timestamp) as values (1, '2000-01-01T00:00:00'::timestamp), (2, '2000-02-01T00:00:00'::timestamp), (3, '2000-03-01T00:00:00'::timestamp);

query IP rowsort
select * from foo;
----
1 2000-01-01T00:00:00
2 2000-02-01T00:00:00
3 2000-03-01T00:00:00

# Test that we can compare a timestamp to a casted string
query IP rowsort
select * from foo where ts > '2000-01-01T00:00:00'::timestamp;
----
2 2000-02-01T00:00:00
3 2000-03-01T00:00:00

# Test that we can compare a timestamp to a string and it will be coerced
query IP rowsort
select * from foo where ts > '2000-01-01T00:00:00';
----
2 2000-02-01T00:00:00
3 2000-03-01T00:00:00

query IP rowsort
select * from foo where ts < '2000-02-01T00:00:00';
----
1 2000-01-01T00:00:00

query IP rowsort
select * from foo where ts <= '2000-02-01T00:00:00';
----
1 2000-01-01T00:00:00
2 2000-02-01T00:00:00

query IP rowsort
select * from foo where ts = '2000-02-01T00:00:00';
----
2 2000-02-01T00:00:00

query IP rowsort
select * from foo where ts != '2000-02-01T00:00:00';
----
1 2000-01-01T00:00:00
3 2000-03-01T00:00:00

statement ok
drop table foo;

###
## test date_bin function
###
query P
SELECT DATE_BIN(INTERVAL '15 minutes', TIMESTAMP '2022-08-03 14:38:50Z', TIMESTAMP '1970-01-01T00:00:00Z')
----
2022-08-03T14:30:00

# Supports Month-Day-Nano nanosecond interval
query P
SELECT DATE_BIN(INTERVAL '10 nanoseconds', TIMESTAMP '2022-08-03 14:38:50.000000016Z', TIMESTAMP '1970-01-01T00:00:00Z')
----
2022-08-03T14:38:50.000000010

# Supports Month-Day-Nano nanosecond interval via fractions
query P
SELECT DATE_BIN(INTERVAL '0.000000010 seconds', TIMESTAMP '2022-08-03 14:38:50.000000016Z', TIMESTAMP '1970-01-01T00:00:00Z')
----
2022-08-03T14:38:50.000000010

# Supports Month-Day-Nano microsecond interval
query P
SELECT DATE_BIN(INTERVAL '5 microseconds', TIMESTAMP '2022-08-03 14:38:50.000006Z', TIMESTAMP '1970-01-01T00:00:00Z')
----
2022-08-03T14:38:50.000005

# Does not support months for Month-Day-Nano interval
statement error This feature is not implemented: DATE_BIN stride does not support month intervals
SELECT DATE_BIN(INTERVAL '1 month 5 nanoseconds', TIMESTAMP '2022-08-03 14:38:50.000000006Z', TIMESTAMP '1970-01-01T00:00:00Z')

# Can coerce string interval arguments
query P
SELECT DATE_BIN('15 minutes', TIMESTAMP '2022-08-03 14:38:50Z', TIMESTAMP '1970-01-01T00:00:00Z')
----
2022-08-03T14:30:00

# Can coerce all string arguments
query P
SELECT DATE_BIN('15 minutes', '2022-08-03 14:38:50Z', '1970-01-01T00:00:00Z')
----
2022-08-03T14:30:00

# Call in two arguments (should be the same as the above query)
query B
SELECT DATE_BIN('15 minutes', '2022-08-03 14:38:50Z') = DATE_BIN('15 minutes', '2022-08-03 14:38:50Z', '1970-01-01T00:00:00Z')
----
true

# Shift forward by 5 minutes
query P
SELECT DATE_BIN(INTERVAL '15 minutes', TIMESTAMP '2022-08-03 14:38:50Z', TIMESTAMP '1970-01-01T00:05:00Z')
----
2022-08-03T14:35:00


# Shift backward by 5 minutes
query P
SELECT DATE_BIN(INTERVAL '15 minutes', TIMESTAMP '2022-08-03 14:38:50Z', TIMESTAMP '1970-01-01T23:55:00Z')
----
2022-08-03T14:25:00

# origin after source, timestamp in previous bucket
query P
SELECT DATE_BIN(INTERVAL '15 minutes', TIMESTAMP '2022-08-03 14:38:50Z', TIMESTAMP '2022-08-03 14:40:00Z')
----
2022-08-03T14:25:00

# stride by 7 days
query P
SELECT DATE_BIN(INTERVAL '7 days', TIMESTAMP '2022-08-03 14:38:50Z', TIMESTAMP '1970-01-01 00:00:00Z')
----
2022-07-28T00:00:00


# origin shifts bins forward 1 day
query P
SELECT DATE_BIN(INTERVAL '7 days', TIMESTAMP '2022-08-03 14:38:50Z', TIMESTAMP '1970-01-02 00:00:00Z')
----
2022-07-29T00:00:00


# demonstrates array values (rather than scalar) for the source argument
query PR rowsort
SELECT
  DATE_BIN(INTERVAL '15' minute, time, TIMESTAMP '2001-01-01T00:00:00Z') AS time,
  val
FROM (
  VALUES
    (TIMESTAMP '2021-06-10 17:05:00Z', 0.5),
    (TIMESTAMP '2021-06-10 17:19:10Z', 0.3)
  ) as t (time, val)
----
2021-06-10T17:00:00 0.5
2021-06-10T17:15:00 0.3

# demonstrates array values for the origin argument are not currently supported
statement error This feature is not implemented: DATE_BIN only supports literal values for the origin argument, not arrays
SELECT
  DATE_BIN(INTERVAL '15' minute, time, origin) AS time,
  val
FROM (
  VALUES
    (TIMESTAMP '2021-06-10 17:05:00Z', TIMESTAMP '2001-01-01T00:00:00Z', 0.5),
    (TIMESTAMP '2021-06-10 17:19:10Z', TIMESTAMP '2001-01-01T00:00:00Z', 0.3)
  ) as t (time, origin, val)

###
## test date_trunc function
###
query P
SELECT DATE_TRUNC('year', TIMESTAMP '2022-08-03 14:38:50Z');
----
2022-01-01T00:00:00

query P
SELECT DATE_TRUNC('quarter', TIMESTAMP '2022-08-03 14:38:50Z');
----
2022-07-01T00:00:00

query P
SELECT DATE_TRUNC('month', TIMESTAMP '2022-08-03 14:38:50Z');
----
2022-08-01T00:00:00

query P
SELECT DATE_TRUNC('day', TIMESTAMP '2022-08-03 14:38:50Z');
----
2022-08-03T00:00:00

query P
SELECT DATE_TRUNC('hour', TIMESTAMP '2022-08-03 14:38:50Z');
----
2022-08-03T14:00:00

query P
SELECT DATE_TRUNC('minute', TIMESTAMP '2022-08-03 14:38:50Z');
----
2022-08-03T14:38:00

query P
SELECT DATE_TRUNC('second', TIMESTAMP '2022-08-03 14:38:50Z');
----
2022-08-03T14:38:50


# Demonstrate that strings are automatically coerced to timestamps (don't use TIMESTAMP)

query P
SELECT DATE_TRUNC('second', '2022-08-03 14:38:50Z');
----
2022-08-03T14:38:50

# Test that interval can add a timestamp
query P
SELECT timestamp '2013-07-01 12:00:00' + INTERVAL '8' DAY;
----
2013-07-09T12:00:00

query P
SELECT '2000-01-01T00:00:00'::timestamp + INTERVAL '8' DAY;
----
2000-01-09T00:00:00

query P
SELECT '2000-01-01T00:00:00'::timestamp + INTERVAL '8' YEAR;
----
2008-01-01T00:00:00

query P
SELECT '2000-01-01T00:00:00'::timestamp + INTERVAL '8' MONTH;
----
2000-09-01T00:00:00

query P
SELECT INTERVAL '8' DAY + timestamp '2013-07-01 12:00:00';
----
2013-07-09T12:00:00

query P
SELECT INTERVAL '8' DAY + '2000-01-01T00:00:00'::timestamp;
----
2000-01-09T00:00:00

query P
SELECT INTERVAL '8' YEAR + '2000-01-01T00:00:00'::timestamp;
----
2008-01-01T00:00:00

query P
SELECT INTERVAL '8' MONTH + '2000-01-01T00:00:00'::timestamp;
----
2000-09-01T00:00:00

statement ok
create table foo (val int, ts1 timestamp, ts2 timestamp, i interval) as values
(1, '2023-03-15T15:00:20.000000123'::timestamp, '2023-01-20T23:00:00.000000099'::timestamp, '1 day'::interval),
(2, '2023-02-28T12:01:55.000123456'::timestamp, '2000-02-23T11:00:00.123000001'::timestamp, '2 months'::interval),
(3, '2033-11-02T23:22:13.000123456'::timestamp, '1990-03-01T00:00:00.333000001'::timestamp, '1 day 3 hours'::interval),
(4, '2003-07-11T01:31:15.000123456'::timestamp, '2045-04-11T15:00:00.000000001'::timestamp, '1 day 7 nanoseconds'::interval);

statement ok
create table bar (val int, i1 interval, i2 interval) as values
(1, '1 day'::interval,               '2 days'::interval),
(2, '2 months'::interval,            '13 days'::interval),
(3, '1 day 3 hours'::interval,       '4 minutes'::interval),
(4, '1 day 7 nanoseconds'::interval, '4 seconds'::interval);

# Timestamp - Timestamp
query I?
SELECT val, ts1 - ts2 FROM foo ORDER BY ts2 - ts1;
----
4 0 years 0 mons -15250 days -13 hours -28 mins -44.999876545 secs
3 0 years 0 mons 15952 days 23 hours 22 mins 12.667123455 secs
2 0 years 0 mons 8406 days 1 hours 1 mins 54.877123455 secs
1 0 years 0 mons 53 days 16 hours 0 mins 20.000000024 secs

# Interval - Interval
query ?
SELECT i1 - i2 FROM bar;
----
0 years 0 mons -1 days 0 hours 0 mins 0.000000000 secs
0 years 2 mons -13 days 0 hours 0 mins 0.000000000 secs
0 years 0 mons 1 days 2 hours 56 mins 0.000000000 secs
0 years 0 mons 1 days 0 hours 0 mins -3.999999993 secs

# Interval + Interval
query ?
SELECT i1 + i2 FROM bar;
----
0 years 0 mons 3 days 0 hours 0 mins 0.000000000 secs
0 years 2 mons 13 days 0 hours 0 mins 0.000000000 secs
0 years 0 mons 1 days 3 hours 4 mins 0.000000000 secs
0 years 0 mons 1 days 0 hours 0 mins 4.000000007 secs

# Timestamp - Interval
query P
SELECT ts1 - i FROM foo;
----
2023-03-14T15:00:20.000000123
2022-12-28T12:01:55.000123456
2033-11-01T20:22:13.000123456
2003-07-10T01:31:15.000123449

# Interval + Timestamp
query P
SELECT i + ts1 FROM foo;
----
2023-03-16T15:00:20.000000123
2023-04-28T12:01:55.000123456
2033-11-04T02:22:13.000123456
2003-07-12T01:31:15.000123463

# Timestamp + Interval
query P
SELECT ts1 + i FROM foo;
----
2023-03-16T15:00:20.000000123
2023-04-28T12:01:55.000123456
2033-11-04T02:22:13.000123456
2003-07-12T01:31:15.000123463

# Timestamp + Timestamp => error
statement error DataFusion error: Error during planning: Timestamp\(Nanosecond, None\) Timestamp\(Nanosecond, None\) is an unsupported operation. addition/subtraction on dates/timestamps only supported with interval types
SELECT ts1 + ts2
FROM foo;

# Interval - Timestamp => error
statement error DataFusion error: Error during planning: Interval\(MonthDayNano\) - Timestamp\(Nanosecond, None\) can't be evaluated because there isn't a common type to coerce the types to
SELECT i - ts1 from FOO;

statement ok
drop table foo;

statement ok
drop table bar;

# timestamptz to utf8 conversion
query BBBB
SELECT
  '2000-01-01T00:00:00'::timestamp::timestamptz = '2000-01-01T00:00:00',
  '2000-01-01T00:00:00'::timestamp::timestamptz != '2000-01-01T00:00:00',
  '2000-01-01T00:00:00'::timestamp::timestamptz >= '2000-01-01T00:00:00',
  '2000-01-01T00:00:00'::timestamp::timestamptz <= '2000-01-01T00:00:00'
;
----
true false true true
