# Licensed to the Apache Software Foundation (ASF) under one
# or more contributor license agreements.  See the NOTICE file
# distributed with this work for additional information
# regarding copyright ownership.  The ASF licenses this file
# to you under the Apache License, Version 2.0 (the
# "License"); you may not use this file except in compliance
# with the License.  You may obtain a copy of the License at

#   http://www.apache.org/licenses/LICENSE-2.0

# Unless required by applicable law or agreed to in writing,
# software distributed under the License is distributed on an
# "AS IS" BASIS, WITHOUT WARRANTIES OR CONDITIONS OF ANY
# KIND, either express or implied.  See the License for the
# specific language governing permissions and limitations
# under the License.

##########
## UNION Tests
##########

statement ok
CREATE TABLE t1(
  id INT,  
  name TEXT,
) as VALUES
  (1, 'Alex'), 
  (2, 'Bob'), 
  (3, 'Alice')
;

statement ok
CREATE TABLE t2(
  id TINYINT,
  name TEXT,
) as VALUES
  (1, 'Alex'), 
  (2, 'Bob'), 
  (3, 'John')
;

# union with EXCEPT(JOIN)
query T rowsort
(   
    SELECT name FROM t1
    EXCEPT
    SELECT name FROM t2
)  
UNION ALL
(   
    SELECT name FROM t2
    EXCEPT
    SELECT name FROM t1
)
----
Alice
John

# union with type coercion
query IT rowsort
(   
    SELECT * FROM t1
    EXCEPT
    SELECT * FROM t2
)  
UNION ALL
(   
    SELECT * FROM t2
    EXCEPT
    SELECT * FROM t1
)
----
3 Alice
3 John

# union all
query I rowsort
SELECT 1 as x
UNION ALL
SELECT 2 as x
----
1
2

# csv_union_all
statement ok
CREATE EXTERNAL TABLE aggregate_test_100 (
  c1  VARCHAR NOT NULL,
  c2  TINYINT NOT NULL,
  c3  SMALLINT NOT NULL,
  c4  SMALLINT,
  c5  INT,
  c6  BIGINT NOT NULL,
  c7  SMALLINT NOT NULL,
  c8  INT NOT NULL,
  c9  BIGINT UNSIGNED NOT NULL,
  c10 VARCHAR NOT NULL,
  c11 FLOAT NOT NULL,
  c12 DOUBLE NOT NULL,
  c13 VARCHAR NOT NULL
)
STORED AS CSV
WITH HEADER ROW
LOCATION '../../testing/data/csv/aggregate_test_100.csv'

query I
select COUNT(*) from (
    SELECT c1 FROM aggregate_test_100
    UNION ALL
    SELECT c1 FROM aggregate_test_100
)
----
200

# union_distinct
query I rowsort
SELECT 1 as x
UNION
SELECT 1 as x
----
1

# union_all_with_aggregate
query I
SELECT SUM(d) FROM (
    SELECT 1 as c, 2 as d
    UNION ALL
    SELECT 1 as c, 3 AS d
) as a
----
5

# union_all_with_count
statement ok
CREATE table t as SELECT 1 as a

query I
SELECT COUNT(*) FROM (
    SELECT a from t
    UNION ALL
    SELECT a from t
)
----
2

# union_schemas
query I rowsort
SELECT 1 A UNION ALL SELECT 2
----
1
2

# union_schemas
query I rowsort
SELECT 1 UNION SELECT 2
----
1
2

# union_with_except_input
query T rowsort
(
    SELECT name FROM t1
    EXCEPT
    SELECT name FROM t2
)
UNION ALL
(
    SELECT name FROM t2
    EXCEPT
    SELECT name FROM t1
)
----
Alice
John

# union_with_type_coercion
query IT rowsort
(
    SELECT id, name FROM t1
    EXCEPT
    SELECT id, name FROM t2
)
UNION ALL
(
    SELECT id, name FROM t2
    EXCEPT
    SELECT id, name FROM t1
)
----
3 Alice
3 John

########
# Clean up after the test
########

statement ok
drop table t1;

statement ok
drop table t2;

statement ok
drop table aggregate_test_100;

statement ok
CREATE EXTERNAL TABLE t1 (
        c1  VARCHAR NOT NULL,
        c2  TINYINT NOT NULL,
        c3  SMALLINT NOT NULL,
        c4  SMALLINT NOT NULL,
        c5  INTEGER NOT NULL,
        c6  BIGINT NOT NULL,
        c7  SMALLINT NOT NULL,
        c8  INT NOT NULL,
        c9  INT UNSIGNED NOT NULL,
        c10 BIGINT UNSIGNED NOT NULL,
        c11 FLOAT NOT NULL,
        c12 DOUBLE NOT NULL,
        c13 VARCHAR NOT NULL
    )
STORED AS CSV
WITH HEADER ROW
WITH ORDER (c1 ASC)
LOCATION '../../testing/data/csv/aggregate_test_100.csv';

statement ok
CREATE EXTERNAL TABLE t2 (
        c1a  VARCHAR NOT NULL,
        c2  TINYINT NOT NULL,
        c3  SMALLINT NOT NULL,
        c4  SMALLINT NOT NULL,
        c5  INTEGER NOT NULL,
        c6  BIGINT NOT NULL,
        c7  SMALLINT NOT NULL,
        c8  INT NOT NULL,
        c9  INT UNSIGNED NOT NULL,
        c10 BIGINT UNSIGNED NOT NULL,
        c11 FLOAT NOT NULL,
        c12 DOUBLE NOT NULL,
        c13 VARCHAR NOT NULL
    )
STORED AS CSV
WITH HEADER ROW
WITH ORDER (c1a ASC)
LOCATION '../../testing/data/csv/aggregate_test_100.csv';

query TT
explain
SELECT c1 FROM(
(   
    SELECT c1 FROM t1
)  
UNION ALL
(   
    SELECT c1a FROM t2
))
ORDER BY c1
----
logical_plan
  Sort: t1.c1 ASC NULLS LAST
    Union
      TableScan: t1 projection=[c1]
      Projection: t2.c1a AS t1.c1
        TableScan: t2 projection=[c1a]
physical_plan
  SortPreservingMergeExec: [c1@0 ASC NULLS LAST]
    UnionExec
      CsvExec: file_groups={1 group: [[WORKSPACE_ROOT/testing/data/csv/aggregate_test_100.csv]]}, projection=[c1], output_ordering=[c1@0 ASC NULLS LAST], has_header=true
        ProjectionExec: expr=[c1a@0 as t1.c1]
      CsvExec: file_groups={1 group: [[WORKSPACE_ROOT/testing/data/csv/aggregate_test_100.csv]]}, projection=[c1a], output_ordering=[c1a@0 ASC NULLS LAST], has_header=true

statement ok
drop table t1

statement ok
drop table t2